,0,1,2,3,4,5,modelStates,target
0,0.9361733330135666,0.014004197965387455,0.00796390310013052,0.004203348991655975,0.007311700718988322,0.030343516210271242,Lying,Lying
1,0.9631243533925264,0.007005619946119722,0.004819276318915407,0.007330469066708254,0.009714007897034594,0.008006273378695602,Lying,Lying
2,0.959879931686734,0.006395173994873379,0.004735642311812982,0.013656803196541976,0.008210147554929962,0.00712230125510742,Lying,Lying
3,0.9660863880926074,0.005596712615256146,0.003426615477473846,0.012857818618423637,0.006129256019854152,0.0059032091763849956,Lying,Lying
4,0.9616233903946159,0.006075210510388728,0.005060548734858557,0.008545040353654046,0.011697528546080017,0.006998281460402849,Lying,Lying
5,0.9600656154451929,0.0057328038413200924,0.0045240019382709025,0.009386111476431829,0.01359819346747795,0.006693273831306461,Lying,Lying
6,0.9656993182408296,0.005396354555104274,0.003245656974088066,0.012461345970357939,0.007804182787086311,0.005393141472533847,Lying,Lying
7,0.9643149519203574,0.005122624886526794,0.004870967290288065,0.00942741366343094,0.01097395256115268,0.005290089678244007,Lying,Lying
8,0.964502761848612,0.004936691616303629,0.004033136194460136,0.010082216186336396,0.010783797923736,0.005661396230551754,Lying,Lying
9,0.9620624555055817,0.005086480575326389,0.004724797482227256,0.009425185923839395,0.013168548100361551,0.005532532412663584,Lying,Lying
10,0.9585692656089799,0.005420418332936481,0.003821850272126619,0.013211397685001706,0.012286056568223142,0.006691011532732385,Lying,Lying
11,0.9610364196489891,0.005230555176072021,0.005369216444434603,0.00641847025584782,0.015096892374831002,0.006848446099825318,Lying,Lying
12,0.9610364196489891,0.005230555176072021,0.005369216444434603,0.00641847025584782,0.015096892374831002,0.006848446099825318,Lying,Lying
13,0.9610364196489891,0.005230555176072021,0.005369216444434603,0.00641847025584782,0.015096892374831002,0.006848446099825318,Lying,Lying
14,0.9610364196489891,0.005230555176072021,0.005369216444434603,0.00641847025584782,0.015096892374831002,0.006848446099825318,Lying,Lying
15,0.9610364196489891,0.005230555176072021,0.005369216444434603,0.00641847025584782,0.015096892374831002,0.006848446099825318,Lying,Lying
16,0.9610364196489891,0.005230555176072021,0.005369216444434603,0.00641847025584782,0.015096892374831002,0.006848446099825318,Lying,Lying
17,0.9610364196489891,0.005230555176072021,0.005369216444434603,0.00641847025584782,0.015096892374831002,0.006848446099825318,Lying,Lying
18,0.9610364196489891,0.005230555176072021,0.005369216444434603,0.00641847025584782,0.015096892374831002,0.006848446099825318,Lying,Lying
19,0.9610364196489891,0.005230555176072021,0.005369216444434603,0.00641847025584782,0.015096892374831002,0.006848446099825318,Lying,Lying
20,0.9610364196489891,0.005230555176072021,0.005369216444434603,0.00641847025584782,0.015096892374831002,0.006848446099825318,Lying,Lying
21,0.9610364196489891,0.005230555176072021,0.005369216444434603,0.00641847025584782,0.015096892374831002,0.006848446099825318,Lying,Lying
22,0.9610364196489891,0.005230555176072021,0.005369216444434603,0.00641847025584782,0.015096892374831002,0.006848446099825318,Lying,Lying
23,0.9610364196489891,0.005230555176072021,0.005369216444434603,0.00641847025584782,0.015096892374831002,0.006848446099825318,Lying,Lying
24,0.9610364196489891,0.005230555176072021,0.005369216444434603,0.00641847025584782,0.015096892374831002,0.006848446099825318,Lying,Lying
25,0.0017172397501272296,0.0004225541394103681,0.00016630496049498927,0.0009823779855458094,0.0001414413708567026,0.9965700817935649,Wheeling,Sitting
26,0.001717187163537886,0.033099845577298594,0.0006301140125919019,0.003120127973724539,0.00213921992555775,0.9592935053472893,Wheeling,Sitting
27,0.0016994996839560072,0.005384084897052902,0.004386270747290374,0.012010259029071102,0.004005013259331443,0.9725148723832981,Wheeling,Sitting
28,0.0032060792002333444,0.9125351797142777,0.004714025201950426,0.007637453667986115,0.003260263295740933,0.06864699891981126,Sitting,Sitting
29,0.0018802406989941668,0.2162498857726523,0.00421728574192349,0.007490807715512384,0.0026715411226206466,0.7674902389482968,Wheeling,Sitting
30,0.002422863396845136,0.4483707501260558,0.005585562483549226,0.006301217053400315,0.003086897537082315,0.5342327094030676,Wheeling,Sitting
31,0.0035444407660062795,0.9479309135552897,0.003971845082050278,0.007357818310248529,0.00527965602885323,0.03191532625755184,Sitting,Sitting
32,0.003369381530719954,0.7459408299320771,0.011728812648257859,0.007626934704014348,0.006694613007205783,0.22463942817772473,Sitting,Sitting
33,0.003369381530719954,0.7459408299320771,0.011728812648257859,0.007626934704014348,0.006694613007205783,0.22463942817772473,Sitting,Sitting
34,0.003369381530719954,0.7459408299320771,0.011728812648257859,0.007626934704014348,0.006694613007205783,0.22463942817772473,Sitting,Sitting
35,0.003369381530719954,0.7459408299320771,0.011728812648257859,0.007626934704014348,0.006694613007205783,0.22463942817772473,Sitting,Sitting
36,0.003369381530719954,0.7459408299320771,0.011728812648257859,0.007626934704014348,0.006694613007205783,0.22463942817772473,Sitting,Sitting
37,0.003369381530719954,0.7459408299320771,0.011728812648257859,0.007626934704014348,0.006694613007205783,0.22463942817772473,Sitting,Sitting
38,0.003369381530719954,0.7459408299320771,0.011728812648257859,0.007626934704014348,0.006694613007205783,0.22463942817772473,Sitting,Sitting
39,0.0029298087273901237,0.006423100698374045,0.014744076386439757,0.9427144013874896,0.027734868131731403,0.005453744668574928,Standing,Standing
40,0.002803705270054025,0.005355357428026104,0.007654876407894791,0.9759682008618241,0.0051678202314884595,0.00305003980071256,Standing,Standing
41,0.0025183421139677873,0.007586275550697081,0.006246644697123497,0.9800089501716349,0.0023828566175420197,0.001256930849034451,Standing,Standing
42,0.002457918338094518,0.015136230950486213,0.06049809569879242,0.9139677299906706,0.0012566232016382865,0.006683401820318654,Standing,Standing
43,0.002881064373157448,0.0055636553250143226,0.02455426809741378,0.9391496675694239,0.02132030461049315,0.006531040024497379,Standing,Standing
44,0.002999614940198439,0.004041279448037724,0.0029231243423938394,0.9860471981295812,0.002683439407055313,0.001305343732733535,Standing,Standing
45,0.0027527689431439263,0.004824373245773725,0.010325752922881657,0.9731865314631849,0.006501696816533328,0.0024088766084819926,Standing,Standing
46,0.0028866183958032206,0.004550550336155801,0.008526640886388936,0.963250249387746,0.017410016582365982,0.0033759244115399564,Standing,Standing
47,0.0028964706141636986,0.0039092747627438905,0.007822839167406288,0.9709874690991751,0.012138717541529565,0.002245228814981659,Standing,Standing
48,0.0026999777489196248,0.0041825276759318904,0.004536991516529338,0.9822481579614825,0.004343479422409568,0.0019888656747270115,Standing,Standing
49,0.002821620983510255,0.005148249624681379,0.010632262412419529,0.9692678950738656,0.009245363947021109,0.0028846079585021383,Standing,Standing
50,0.0027646910951357336,0.0046322907228889395,0.015526289659101617,0.9470746761037423,0.02544653123330082,0.0045555211858304,Standing,Standing
51,0.0032318952573787006,0.006108181155190607,0.02320838682420821,0.8685567456955259,0.09429299508362898,0.004601795984067712,Standing,Standing
52,0.003349929165788716,0.003545518205516751,0.008548404213133801,0.9792322111803015,0.0007227054855088561,0.00460123174975034,Standing,Standing
53,0.004995526648059957,0.012687896116557216,0.09954955980003403,0.4324784560682623,0.4365298492188273,0.013758712148259324,Walking,Standing
54,0.0034727542617086723,0.007567305379934036,0.03798388191609291,0.7946605408881829,0.14994023407956167,0.006375283474519996,Standing,Standing
55,0.0021525759937949477,0.3335102694028206,0.004820481272841389,0.01407092139861363,0.006360805646053573,0.639084946285876,Wheeling,Wheeling
56,0.0016168936678196176,0.04070934870845109,0.006442562354860781,0.004354152090626979,0.002700332851233169,0.9441767103270083,Wheeling,Wheeling
57,0.0032278615397518065,0.7193599871404516,0.004121104327016288,0.006130401623050348,0.005537842332302233,0.26162280303742785,Wheeling,Wheeling
58,0.0023113556845653868,0.19873101877223173,0.005859860992894975,0.004767219652301986,0.0027501165322978026,0.7855804283657079,Wheeling,Wheeling
59,0.002148772902047627,0.0405204156336738,0.008741981001220145,0.007159807097773288,0.005982567963039527,0.9354464554022458,Wheeling,Wheeling
60,0.0023033443391927673,0.08746443513196951,0.004310758441279995,0.005480322799285467,0.0034250303074896547,0.897016108980783,Wheeling,Wheeling
61,0.0022557740206559707,0.1895735679643827,0.006919715916836986,0.01320066931055098,0.00933468582857517,0.7787155869589981,Wheeling,Wheeling
62,0.0022504052171606133,0.1194716994585585,0.00817492791352098,0.005889471372084057,0.002587671339739176,0.8616258246989368,Wheeling,Wheeling
63,0.0025991235588573554,0.023590054321509648,0.016045911293270897,0.009762052006790133,0.008056530914586402,0.9399463279049854,Wheeling,Wheeling
64,0.002286126447454064,0.28037642936243057,0.005287929150701656,0.006119867582476533,0.003439422363754765,0.7024902250931826,Wheeling,Wheeling
65,0.0023919079761914423,0.10023087963417403,0.005923705503151764,0.008028354873175922,0.00789062080365194,0.8755345312096549,Wheeling,Wheeling
66,0.002534962102666116,0.23287871625808826,0.0032818917851388505,0.01633275223951541,0.00524948738875864,0.7397221902258326,Wheeling,Wheeling
67,0.002267765484454315,0.1823010390483135,0.005860193416920639,0.007776082285149771,0.004647172773632406,0.7971477469915293,Wheeling,Wheeling
68,0.002318100478396656,0.05115055670276213,0.008787395092354471,0.00756318438469631,0.0065821632703759085,0.9235986000714145,Wheeling,Wheeling
69,0.002453963530724892,0.12461463586601138,0.004432188239411476,0.013085865745381,0.004708431416229361,0.8507049152022417,Wheeling,Wheeling
70,0.002322651627812798,0.036092864508207624,0.003721971709688635,0.010772443565633238,0.004639626856031517,0.9424504417326259,Wheeling,Wheeling
71,0.0022861691035530357,0.11609116449705985,0.002299882479227081,0.006503412756495467,0.0049107710204434035,0.8679086001432212,Wheeling,Wheeling
72,0.0022643201478791887,0.0440122925133007,0.008849382958547269,0.005807015603308128,0.0074497577881570435,0.9316172309888077,Wheeling,Wheeling
73,0.0021526504512845166,0.053512377845459265,0.0062109291484385145,0.0073411714265334835,0.005668200718985592,0.9251146704092986,Wheeling,Wheeling
74,0.002748381650835131,0.11299777287578111,0.014252505417714516,0.015456233670710601,0.016398132943784387,0.838146973441174,Wheeling,Wheeling
75,0.00255559227471789,0.0578610816908052,0.0018737847401868175,0.004442134932547948,0.0038553769607965974,0.9294120294009454,Wheeling,Wheeling
76,0.002408899078752766,0.0089467167068264,0.018466052745939553,0.006109911333917454,0.007289470898436436,0.9567789492361273,Wheeling,Wheeling
77,0.0021073234811730943,0.015966198168445894,0.004530955983317064,0.004042543276560698,0.00363617210891512,0.9697168069815884,Wheeling,Wheeling
78,0.002151771642685408,0.007115251140489092,0.00695678836207375,0.0029407110566180847,0.0031858187783041603,0.9776496590198295,Wheeling,Wheeling
79,0.002241144392174308,0.009968958133850646,0.008609538283297432,0.006838487516401937,0.010074426234341302,0.9622674454399345,Wheeling,Wheeling
80,0.00231681878757949,0.012403888062534597,0.00800579785636201,0.006995306320217425,0.007924208647036194,0.9623539803262703,Wheeling,Wheeling
81,0.0022416104451880763,0.013729647662262676,0.00793875623451231,0.0035825573215940345,0.004639907633528193,0.9678675207029148,Wheeling,Wheeling
82,0.002059145482358598,0.06742739922051656,0.003840241302522032,0.0053108500650529775,0.0030729689151656235,0.9182893950143843,Wheeling,Wheeling
83,0.0021510577494528163,0.0248352073002903,0.005897817400584301,0.006670177666913564,0.003981725496500159,0.9564640143862589,Wheeling,Wheeling
84,0.002272827645451365,0.06354341916340905,0.007554993278705428,0.00747989082880969,0.00422717798493851,0.9149216910986858,Wheeling,Wheeling
85,0.002247898450718521,0.3919550390580796,0.009418108098957205,0.010819555112859862,0.004872670086786395,0.5806867291925986,Wheeling,Wheeling
86,0.0017711720731354989,0.14902408813637835,0.005388017714412095,0.008385369376296348,0.005244423121499581,0.8301869295782782,Wheeling,Wheeling
87,0.002913153133402014,0.8002922973732809,0.0035111655685000948,0.006819058403959018,0.004514126906243982,0.18195019861461426,Sitting,Wheeling
88,0.0019769219880571317,0.2423956390199907,0.017110878868312092,0.014328517467228286,0.016665968645144053,0.7075220740112679,Wheeling,Wheeling
89,0.004297599671802542,0.5029210657941988,0.049362583490971154,0.05716299172150762,0.049551013908440675,0.3367047454130794,Wheeling,Wheeling
90,0.0016614352375237287,0.002112583213141743,0.03388495702154784,0.004775542085347043,0.9554505446049683,0.0021149378374714016,Walking,Walking
91,0.002398517511327033,0.004090624890533982,0.19576778333640626,0.024804522598175293,0.7692519399751552,0.0036866116884023857,Walking,Walking
92,0.00253908347596141,0.003787587506719584,0.19703405320957357,0.009798729372946763,0.7834328904433865,0.0034076559914124308,Walking,Walking
93,0.002072017537034734,0.0028379317031767682,0.035408850769439955,0.0550917861763319,0.9020671227934608,0.002522291020555808,Walking,Walking
94,0.002115782826357866,0.005368767546010362,0.08233844085860365,0.0429339119184223,0.8641250718332798,0.0031180250173259236,Walking,Walking
95,0.0021179148990069932,0.002451275299552711,0.03663537236555497,0.02881240792313299,0.9279289255676896,0.0020541039450630814,Walking,Walking
96,0.0031908676570413905,0.0031544362604962696,0.0367985739790083,0.14077927231139506,0.8139528565474751,0.0021239932445838564,Walking,Walking
97,0.002824529815534233,0.004402769485830661,0.11403896606205476,0.08918623023251558,0.7868860116915353,0.00266149271252974,Walking,Walking
98,0.0022501329294342264,0.004446733765682944,0.11139444878903607,0.06244139541751511,0.8160776184823667,0.003389670615965169,Walking,Walking
99,0.0020851271054465473,0.0030954412022951234,0.033147629229309125,0.028870032412089217,0.9300909166564706,0.0027108533943891945,Walking,Walking
100,0.002322925581779768,0.00325108036099887,0.04433445330684604,0.0559747905443501,0.8917553753497497,0.0023613748562754493,Walking,Walking
101,0.0020134968079777685,0.0035306229085055943,0.06303038876401411,0.030846111263800276,0.8977675285802147,0.002811851675487663,Walking,Walking
102,0.0022618073738638494,0.003788548718479702,0.22381772089215915,0.004868965985170995,0.7612007904490367,0.0040621665812894244,Walking,Walking
103,0.0027243407468467377,0.0021350828001651502,0.10547786662349005,0.019506485274099757,0.8686627370822642,0.0014934874731336656,Walking,Walking
104,0.0022439532819314425,0.0025171853317793825,0.09783510312076057,0.022561898053260764,0.872902441176147,0.0019394190361209113,Walking,Walking
105,0.00274740963185035,0.0021581927992340077,0.08103751587581894,0.010489074408487226,0.9018026507158031,0.0017651565688063054,Walking,Walking
106,0.002747249163797751,0.001712863478160603,0.09330643519686165,0.01695263685308931,0.8838464947400234,0.0014343205680674,Walking,Walking
107,0.0017327046942674695,0.0030080550363150386,0.08869671074444023,0.018424509398210612,0.8855662113400993,0.0025718087866672887,Walking,Walking
108,0.0020245955385956036,0.0030992202471756872,0.04373048702535774,0.054941514338925,0.8933209266844593,0.0028832561654869057,Walking,Walking
109,0.002059070261285673,0.003938372312305164,0.14487426631540606,0.01596747288075924,0.8300455375938575,0.003115280636386384,Walking,Walking
110,0.0032139040562558013,0.007708999880761002,0.5314992290891986,0.018274030441451358,0.43440067454647435,0.004903161985858974,StairClimbing,Walking
111,0.002771959404206943,0.005257936868769941,0.26453494517991955,0.0156973405186712,0.7081956192878306,0.0035421987406021116,Walking,Walking
112,0.004563103144093329,0.00588670227420977,0.47852854101933806,0.024479845696494616,0.48332631991567415,0.00321548795019011,StairClimbing,Walking
113,0.0024928371401321,0.0027847098753165313,0.1390145819973084,0.009859755495910592,0.8439030307483169,0.0019450847430154629,Walking,Walking
114,0.004130695339581409,0.8677079473051044,0.007061229708955747,0.01191736947972353,0.009288861793392755,0.09989389637324217,Sitting,Sitting
115,0.003815413201943609,0.8459381790811794,0.006334823827395027,0.012272802945170387,0.0067062237217516835,0.12493255722256034,Sitting,Sitting
116,0.0035314017650200672,0.7667565671271139,0.004847590764207352,0.01221148768733593,0.005271878174450362,0.20738107448187187,Sitting,Sitting
117,0.0034031977043044144,0.7854719181659943,0.003474139343347482,0.01343069979815112,0.003939329412366578,0.19028071557583598,Sitting,Sitting
118,0.004547634813083336,0.9043237513475125,0.015116123235306388,0.012437226103543446,0.014806169545725988,0.04876909495482816,Sitting,Sitting
119,0.004547634813083336,0.9043237513475125,0.015116123235306388,0.012437226103543446,0.014806169545725988,0.04876909495482816,Sitting,Sitting
120,0.004547634813083336,0.9043237513475125,0.015116123235306388,0.012437226103543446,0.014806169545725988,0.04876909495482816,Sitting,Sitting
121,0.004547634813083336,0.9043237513475125,0.015116123235306388,0.012437226103543446,0.014806169545725988,0.04876909495482816,Sitting,Sitting
122,0.004547634813083336,0.9043237513475125,0.015116123235306388,0.012437226103543446,0.014806169545725988,0.04876909495482816,Sitting,Sitting
123,0.004547634813083336,0.9043237513475125,0.015116123235306388,0.012437226103543446,0.014806169545725988,0.04876909495482816,Sitting,Sitting
124,0.004547634813083336,0.9043237513475125,0.015116123235306388,0.012437226103543446,0.014806169545725988,0.04876909495482816,Sitting,Sitting
125,0.004547634813083336,0.9043237513475125,0.015116123235306388,0.012437226103543446,0.014806169545725988,0.04876909495482816,Sitting,Sitting
126,0.004547634813083336,0.9043237513475125,0.015116123235306388,0.012437226103543446,0.014806169545725988,0.04876909495482816,Sitting,Sitting
127,0.004547634813083336,0.9043237513475125,0.015116123235306388,0.012437226103543446,0.014806169545725988,0.04876909495482816,Sitting,Sitting
128,0.004547634813083336,0.9043237513475125,0.015116123235306388,0.012437226103543446,0.014806169545725988,0.04876909495482816,Sitting,Sitting
129,0.004547634813083336,0.9043237513475125,0.015116123235306388,0.012437226103543446,0.014806169545725988,0.04876909495482816,Sitting,Sitting
130,0.004547634813083336,0.9043237513475125,0.015116123235306388,0.012437226103543446,0.014806169545725988,0.04876909495482816,Sitting,Sitting
131,0.004547634813083336,0.9043237513475125,0.015116123235306388,0.012437226103543446,0.014806169545725988,0.04876909495482816,Sitting,Sitting
132,0.0019115297275380232,0.03690207093881865,0.006023011037130611,0.006539711527083351,0.003655969837209874,0.9449677069322194,Wheeling,Wheeling
133,0.001940118542883343,0.012769443165797771,0.006372287717843061,0.013050493518653186,0.00953344990176262,0.9563342071530604,Wheeling,Wheeling
134,0.00209333475827731,0.08964247459125897,0.0012789689984443304,0.004942176428971864,0.0038447539966429416,0.8981982912264048,Wheeling,Wheeling
135,0.0024188981107616243,0.1932778150172786,0.0018771225346815264,0.0028026841532506103,0.0014052498838825363,0.7982182303001454,Wheeling,Wheeling
136,0.002071149921380992,0.1036146828801166,0.0021614216041496684,0.0031759356986363766,0.002582993778303122,0.8863938161174135,Wheeling,Wheeling
137,0.001910944608562072,0.06135252947523753,0.0035114736109608494,0.0026263864440283545,0.0013617327948269363,0.9292369330663842,Wheeling,Wheeling
138,0.001878606491532772,0.030626741765555084,0.005065466296491238,0.004292329531697336,0.003522693852993272,0.9546141620617299,Wheeling,Wheeling
139,0.0019441879331260426,0.0041099234021922575,0.004219396010111454,0.010693844163094698,0.007729866693707496,0.9713027817977679,Wheeling,Wheeling
140,0.0019108425872872673,0.020337636950772012,0.0023183256151259727,0.004435217661521066,0.0031611815718754523,0.9678367956134183,Wheeling,Wheeling
141,0.0020408215299707773,0.004633287093471331,0.004644970776948911,0.0032653495640995373,0.0052236015012080235,0.9801919695343014,Wheeling,Wheeling
142,0.0022307822479000535,0.04345855903966903,0.0016674125362184358,0.0013174167513167307,0.0010849387872242258,0.9502408906376718,Wheeling,Wheeling
143,0.0022424034881633774,0.006653598329578035,0.0033616483494715095,0.001825724583125403,0.0015373885828379842,0.9843792366668239,Wheeling,Wheeling
144,0.0022359770192266464,0.034633966439604834,0.0015448315780177,0.0018800790770093802,0.0011349182920766942,0.9585702275940647,Wheeling,Wheeling
145,0.0023930538484233984,0.04703107469632944,0.0007557225254109916,0.001014165708898229,0.000520510727143607,0.9482854724937942,Wheeling,Wheeling
146,0.002464771873328833,0.003928451720556852,0.0017572342183404448,0.0018055483528991194,0.0009580337884775521,0.9890859600463973,Wheeling,Wheeling
147,0.0025043775414861484,0.006503340125462834,0.001965282508373093,0.0009587239951543376,0.0012706298690697347,0.986797645960454,Wheeling,Wheeling
148,0.002380282309975145,0.0021039524389029674,0.0016638672705391897,0.0028434336057985283,0.0015971747393581338,0.9894112896354262,Wheeling,Wheeling
149,0.0021590062681616094,0.008819641572495002,0.002815397052108756,0.0018732164649493453,0.002065736158489896,0.9822670024837951,Wheeling,Wheeling
150,0.0024193970532470107,0.003490831659974727,0.001210245542280767,0.0013564704958345525,0.0012285392669037928,0.9902945159817592,Wheeling,Wheeling
151,0.0022641741790261904,0.005130983049369912,0.002916006845449906,0.001194061580292275,0.001143352926321997,0.9873514214195395,Wheeling,Wheeling
152,0.002245604954043621,0.005734524463472914,0.002184514959747181,0.003312707276721836,0.002075110122938426,0.9844475382230757,Wheeling,Wheeling
153,0.002325945447057111,0.003801049617882574,0.0010753705029416466,0.0010026711216371208,0.0013580520492731901,0.9904369112612085,Wheeling,Wheeling
154,0.0024291869906859953,0.004725188938364977,0.001498437779285198,0.001555594049735676,0.0010375409401953647,0.9887540513017327,Wheeling,Wheeling
155,0.0022617047406960663,0.006715630705754267,0.001229978892657047,0.0022173355311173393,0.0015584187273782553,0.9860169314023971,Wheeling,Wheeling
156,0.002249765798739253,0.007595491953842904,0.002019607223405953,0.0012440238110895262,0.0007892434705015179,0.9861018677424208,Wheeling,Wheeling
157,0.0023758295327164377,0.04075261572936781,0.0014524856047021454,0.001217291270192432,0.0009796915346740544,0.953222086328347,Wheeling,Wheeling
158,0.0023187309751065777,0.008886896601727914,0.002029368642646632,0.0020131068248347536,0.0013683234465907597,0.9833835735090932,Wheeling,Wheeling
159,0.0022858204122967905,0.010316646920796613,0.0009592570783013431,0.0021130249473328283,0.0012495236558052365,0.9830757269854673,Wheeling,Wheeling
160,0.002290201944676102,0.01168934145538589,0.0019172066458770327,0.002061551791034026,0.001834909718489283,0.9802067884445379,Wheeling,Wheeling
161,0.0023975430651065857,0.005670854918270162,0.002710984977919942,0.001477171400443323,0.001376296220551557,0.9863671494177083,Wheeling,Wheeling
162,0.0020873908556998063,0.0221700955261813,0.0011835520020869116,0.004183907760531457,0.0023636751867475133,0.968011378668753,Wheeling,Wheeling
163,0.002107256082952119,0.06400992655435463,0.001908506494111663,0.0016463199120335772,0.0009188891918331494,0.9294091017647149,Wheeling,Wheeling
164,0.002357579602882912,0.3287261988926158,0.0030517208910361806,0.002701830662952766,0.0015285051256625423,0.66163416482485,Wheeling,Wheeling
165,0.002234525767145136,0.026858160049242866,0.013396225291726164,0.009862288020814175,0.009217115157621506,0.9384316857134501,Wheeling,Wheeling
166,0.0025171279086341723,0.3158109557122788,0.036364294633623534,0.02356011243205502,0.01360727047683045,0.6081402388365779,Wheeling,Wheeling
167,0.9725017742305971,0.003990306492802408,0.004924588378584937,0.005166777451530076,0.009303437435487534,0.004113116010997723,Lying,Lying
168,0.9719366079353419,0.003034251073516159,0.003657821644364652,0.00812892897345773,0.010138452547786905,0.0031039378255327535,Lying,Lying
169,0.9741558861451992,0.003026876348852173,0.004809054795230984,0.005512995716954358,0.009409534889500717,0.003085652104262888,Lying,Lying
170,0.9682675813656877,0.003510793150892178,0.005603440587708618,0.008826473065250192,0.01045559482217187,0.0033361170082893943,Lying,Lying
171,0.9650563648474187,0.0033334255419419957,0.005044545936690154,0.009961011236446996,0.01263916973576133,0.00396548270174038,Lying,Lying
172,0.9663332327000522,0.003315119987202929,0.0056108530866902945,0.0077821923876655544,0.013229051063638687,0.003729550774750525,Lying,Lying
173,0.9701156391938457,0.0032011930153479392,0.004982455203402269,0.0078005417353743485,0.010752649843887447,0.0031475210081420633,Lying,Lying
174,0.9703536195670165,0.0031365026530219687,0.0051076800826622155,0.007673219602081865,0.010602533594938273,0.0031264445002787762,Lying,Lying
175,0.9692926223261481,0.003173329667719331,0.003906926410631154,0.009796147989903312,0.010716712319857184,0.0031142612857409605,Lying,Lying
176,0.9675906610356789,0.0032535443126510888,0.004615408764599602,0.010329104894381805,0.01101503629965953,0.0031962446930290677,Lying,Lying
177,0.9675932580227982,0.0033316545043654677,0.004244138971645133,0.012377164821542047,0.009178230518074865,0.0032755531615736885,Lying,Lying
178,0.9683243103911234,0.0030267511448944,0.00589200558196073,0.004789277350271795,0.013967928311726139,0.003999727220023676,Lying,Lying
179,0.9683243103911234,0.0030267511448944,0.00589200558196073,0.004789277350271795,0.013967928311726139,0.003999727220023676,Lying,Lying
180,0.9610047966263804,0.0033071341238536177,0.006953937891468261,0.010371426597431448,0.014471486832732982,0.0038912179281337866,Lying,Lying
181,0.9683001698585884,0.0030354545754912063,0.004901261361202433,0.009039394295728474,0.011658762277761798,0.003064957631227541,Lying,Lying
182,0.9703894543244014,0.0029253239031062795,0.0049577767113985665,0.006865364102603718,0.01166869205519333,0.003193388903296271,Lying,Lying
183,0.9657066702343187,0.0032619316595290217,0.005177790727337875,0.012861399751185647,0.009214356090431211,0.0037778515371973197,Lying,Lying
184,0.972661173922612,0.002888736117245643,0.004588543265436933,0.008152763723849024,0.00908337701828772,0.002625405952568378,Lying,Lying
185,0.9756917618716308,0.002629641142384811,0.0024224658443352427,0.011283571088362405,0.0052012395371812325,0.0027713205161057903,Lying,Lying
186,0.0032035477924640594,0.0034572519960590193,0.012408133565377654,0.9584638990965059,0.019413364845970157,0.003053802703623132,Standing,Standing
187,0.0029341310593941107,0.0026112510814029414,0.007970724698058125,0.9783388576603598,0.0060007408739549736,0.0021442946268304883,Standing,Standing
188,0.002885860167717366,0.0035530673134035245,0.0064582930103011605,0.9750804467357035,0.010415786074875505,0.0016065466979991079,Standing,Standing
189,0.003286264288409559,0.0034551376599935854,0.00640593845615885,0.9787443926789329,0.005860302459320466,0.002247964457184463,Standing,Standing
190,0.0027957070126200445,0.003268401429108605,0.00601374127602891,0.9695464855490376,0.017156364539411325,0.0012193001937936092,Standing,Standing
191,0.0029498184560817512,0.0033835222551060126,0.011599230802336456,0.9493597803224073,0.030651082102028496,0.002056566062039953,Standing,Standing
192,0.002900640757374352,0.0029399359173074876,0.0027770439718475754,0.9878597123377627,0.0027296412744128866,0.0007930257412954005,Standing,Standing
193,0.00295278061441369,0.003186769186252584,0.0017786672765062984,0.9886073814018145,0.00021110322616846989,0.003263298294843998,Standing,Standing
194,0.0038939305634507772,0.00545941779674859,0.04313965888215775,0.8209411648997222,0.11773102099076486,0.008834806867155756,Standing,Standing
195,0.0031669813624670435,0.002977208102789536,0.00473518503610122,0.9815716600433878,0.006233162861664147,0.0013158025935902202,Standing,Standing
196,0.0030456707211995795,0.003421711263699581,0.010844240036353646,0.9631726693881629,0.01757022734629218,0.0019454812442920074,Standing,Standing
197,0.0032676262708438825,0.003449107761723622,0.006809515218325893,0.9778545181511243,0.006271299102036945,0.0023479334959454535,Standing,Standing
198,0.0027997424552453527,0.003231820762370407,0.005132905107692225,0.9800721649519939,0.007801800191668577,0.0009615665310295871,Standing,Standing
199,0.002702629184845412,0.0031870654390024067,0.011533298980536972,0.9403988736664596,0.03996559631435572,0.0022125364148000027,Standing,Standing
200,0.002755502893419585,0.003309485776223197,0.006553158143553925,0.9499819589209417,0.03528511389932666,0.002114780366534982,Standing,Standing
201,0.00304108059583331,0.0033602684119102824,0.0025929673580907748,0.9849880830873815,0.0039327307682249955,0.0020848697785588294,Standing,Standing
202,0.0028384117291469333,0.0030926363171358247,0.008727290011892817,0.9675560419761468,0.016076475270104366,0.0017091446955731916,Standing,Standing
203,0.0028799567268444778,0.003219308429439833,0.007732058150801314,0.9820094397180891,0.001498950758205665,0.0026602862166197915,Standing,Standing
204,0.0027433527731860023,0.003514855055612335,0.006949482068535904,0.9842131037268466,0.0010697949583890994,0.001509411417429932,Standing,Standing
205,0.0028054118614125397,0.003958767683410768,0.005111641676002693,0.9806212121251227,0.00562101705162937,0.0018819496024219905,Standing,Standing
206,0.0027275190657452867,0.0036379004136756314,0.007258306542465099,0.9703685953364626,0.013507159742568678,0.0025005188990826223,Standing,Standing
207,0.003058507943995192,0.002741557455529389,0.008496037084237535,0.9480450286382613,0.03666502640533537,0.00099384247264137,Standing,Standing
208,0.0025863256914470606,0.0081597733516012,0.05096709984906075,0.9212842336803728,0.013038671072651248,0.003963896354866975,Standing,Walking
209,0.0016520747921106899,0.003240624454150357,0.05534441770138374,0.0353725407739724,0.9020965971779971,0.002293745100385799,Walking,Walking
210,0.0017543909713873835,0.001986017742145628,0.03401010778007756,0.00597713722585657,0.9536900232739683,0.0025823230065648746,Walking,Walking
211,0.0017213788730315999,0.0028645730519454645,0.0494585997051891,0.018618912441628915,0.9245692870896552,0.002767248838549306,Walking,Walking
212,0.0020409002366315264,0.0022621909487645247,0.062014743397951176,0.014674261333637926,0.9165492191338972,0.0024586849491177796,Walking,Walking
213,0.00208641508643073,0.001676183290130936,0.04139253753763129,0.018318128183382517,0.9347542108927962,0.0017725250096282403,Walking,Walking
214,0.002302152504125768,0.002250349171660011,0.07799297046432886,0.053688790420826804,0.8620241626291634,0.001741574809895207,Walking,Walking
215,0.002257240632659729,0.0015986362547630744,0.04503331952289107,0.009962665928998683,0.9397189004322748,0.0014292372284126665,Walking,Walking
216,0.0021425413601486353,0.0019170839413656193,0.02499946060618264,0.04839384258146957,0.9208209991445978,0.001726072366235762,Walking,Walking
217,0.005152741136904273,0.004027222583949851,0.5561708616920872,0.036921316430251185,0.38963904885393374,0.008088809302873853,StairClimbing,Walking
218,0.0033829199404183975,0.001692918552075095,0.25972732341676574,0.004678131193536551,0.7272384395323775,0.0032802673648268245,Walking,Walking
219,0.003032693341711596,0.0017955394467838069,0.295490851599775,0.004589921575817959,0.691072201089734,0.004018792946177218,Walking,Walking
220,0.0022378734199712943,0.0019279290961000417,0.20108320266665178,0.0038976860769024766,0.7862062366001978,0.004647072140176659,Walking,Walking
221,0.0019715136942964175,0.0017563487264220504,0.06675539874095598,0.009258434500040661,0.9179779331467726,0.0022803711915118595,Walking,Walking
222,0.0018054187722611112,0.0025640376463800037,0.0793483193842082,0.009226424298529606,0.9031935452329815,0.0038622546656393803,Walking,Walking
223,0.0022135166721819846,0.0017672778041512326,0.14754371361977536,0.004343275269151262,0.8413510686412974,0.002781147993443143,Walking,Walking
224,0.0028723470605360084,0.002513308974252861,0.23506899511568596,0.019493147074028303,0.7375032831084327,0.002548918667063972,Walking,Walking
225,0.0025195544175801716,0.0031600821819179055,0.04115249524047013,0.05519548824754785,0.8961901440338389,0.001782235878645017,Walking,Walking
226,0.0026443401110529947,0.002741691309528267,0.1595841309064162,0.013893800724797468,0.8181857016816357,0.0029503352665694203,Walking,Walking
227,0.00229328993156006,0.001528528674991842,0.0862102975376014,0.001982488193254507,0.9058290364462358,0.0021563592163565087,Walking,Walking
228,0.002157796679673341,0.0014903327477475182,0.07040605476568246,0.008131704143051364,0.9156809268951516,0.002133184768693732,Walking,Walking
229,0.0026333553063581077,0.0016183489621646495,0.15421386240442708,0.002387061035962586,0.8365553014647295,0.002592070826358131,Walking,Walking
230,0.006531886767232846,0.0025539740940196927,0.6974357978279754,0.004823916425859366,0.28694561825721276,0.0017088066276997882,StairClimbing,Walking
231,0.0027814747064628885,0.002229593934695479,0.26711226646278935,0.002061486165910493,0.721981018012801,0.0038341607173405577,Walking,Walking
232,0.0019023991087753602,0.00261528513055252,0.06094888892272819,0.0042087394910719726,0.9266536587181273,0.003671028628744706,Walking,Walking
233,0.0024306728772760366,0.0031103773452584985,0.08648277876510269,0.026330842266414134,0.8793286468328078,0.0023166819131410694,Walking,Walking
234,0.0021293566590408195,0.00709423801402987,0.10252107395762562,0.25280903572350927,0.6291028235816897,0.006343472064104444,Walking,Walking
235,0.002107722171754532,0.00432373348789159,0.08325745604383752,0.10680964073563985,0.800746616689075,0.0027548308718013154,Walking,Walking
236,0.0026273754874820234,0.007241265413720349,0.22788954859288973,0.05808811850127117,0.6994596501246604,0.004694041879976134,Walking,Walking
237,0.00204330179068406,0.006083723491432764,0.19821696393227645,0.0406588083830479,0.7470922547213318,0.005904947681227586,Walking,Walking
238,0.002563651291062183,0.004177708198867004,0.0852617871033697,0.025784239215799275,0.8794640421542396,0.002748572036662286,Walking,Walking
239,0.002457713081452459,0.005827730474337288,0.15952015730369312,0.04127541063229365,0.7874626184765147,0.0034563700317087644,Walking,Walking
240,0.002507181418081812,0.006046554927016894,0.1730901308497452,0.04771142383595451,0.7664860225775119,0.004158686391689721,Walking,Walking
241,0.0021427335357536554,0.0056027092422169245,0.16507764131077685,0.04084269929134584,0.782110081943661,0.004224134676246099,Walking,Walking
242,0.0023682801554915397,0.004063748882940675,0.10568491111195638,0.03929519967094329,0.84596850747028,0.0026193527083884873,Walking,Walking
243,0.002553527560899048,0.005925129509197417,0.159954738529319,0.032386465382645446,0.7952334915546295,0.0039466474633096825,Walking,Walking
244,0.0020663499299394725,0.005279889107456307,0.17787145468141818,0.024588500255406424,0.784686793259982,0.005507012765797687,Walking,Walking
245,0.0018119445406046752,0.0030510425553522064,0.031227814542276352,0.03311877764407892,0.9274943817292844,0.00329603898840354,Walking,Walking
246,0.0019724812765188563,0.003756299912230093,0.07550394579669766,0.014079280114977395,0.9007434368977082,0.003944556001867784,Walking,Walking
247,0.002689527608208718,0.00543622557055923,0.15416566269900311,0.040209552174887225,0.7937353958095781,0.0037636361377638636,Walking,Walking
248,0.001870234715762605,0.004059440864831701,0.08094614547841628,0.03734297610432975,0.8724993045799926,0.0032818982566671126,Walking,Walking
249,0.0018504760218684734,0.004229486785827656,0.06862555938785915,0.0367075725441774,0.8852130921182418,0.0033738131420251896,Walking,Walking
250,0.0016569999637856183,0.005004747306319279,0.05236770091265014,0.01445395464269833,0.9198836293967367,0.00663296777781006,Walking,Walking
251,0.0019079388631584578,0.0038580721537783223,0.06861510242239725,0.03272252652386077,0.8892867210310489,0.0036096390057561434,Walking,Walking
252,0.002407222677099363,0.004202328306616786,0.14062137308000605,0.016814929696061312,0.8319475135758984,0.004006632664318475,Walking,Walking
253,0.0015352543445022963,0.004342552123225794,0.06319745379369245,0.012900270183597143,0.9120397694898325,0.0059847000651496885,Walking,Walking
254,0.0018544522637880716,0.002812419683090065,0.04375562899415199,0.04003390988979742,0.9094953242352968,0.002048264933875821,Walking,Walking
255,0.002051084093203109,0.004941521835684953,0.1065514751251416,0.08999485604727095,0.792991953683598,0.0034691092151015565,Walking,Walking
256,0.0019148041214960966,0.0044182872298319095,0.07457768888210722,0.07871220742223937,0.8382846491566067,0.002092363187718658,Walking,Walking
257,0.0015468218930982263,0.002875164745798332,0.024399395462275868,0.025483010270233277,0.9425977143625635,0.0030978932660309143,Walking,Walking
258,0.001597493156147546,0.0031971960112207104,0.026831603519540642,0.023958801728710687,0.9412698446292231,0.0031450609551575233,Walking,Walking
259,0.0016572326295878062,0.002864771614324861,0.042359606520208065,0.026728130766670757,0.9240338818115293,0.00235637665767926,Walking,Walking
260,0.0021659690414810398,0.004579324944906404,0.13477092443275893,0.03311549787549431,0.8222194716933987,0.0031488120119606373,Walking,Walking
261,0.0018095713007661367,0.0024062516355995095,0.059993732584190655,0.006029041816640498,0.9265079410222022,0.0032534616406010215,Walking,Walking
262,0.0017603949377193668,0.0020381491658814535,0.08662266492437593,0.0038997998105509946,0.9025601885291146,0.003118802632357701,Walking,Walking
263,0.002055568747660247,0.002302926671033937,0.09988294151431565,0.009456884690640193,0.8837220374902601,0.0025796408860898094,Walking,Walking
264,0.0017982351278364624,0.0014423228333857439,0.024802862455164755,0.00663003329914832,0.9631191245360442,0.002207421748420285,Walking,Walking
265,0.0022691546064999403,0.0018506222525969719,0.11121163590237025,0.006017996483447102,0.8758765465456316,0.002774044209454318,Walking,Walking
266,0.00203029955524651,0.0018009855453310472,0.043657378175763074,0.005267905272376345,0.9452912208163721,0.0019522106349110111,Walking,Walking
267,0.003361230530622825,0.0011558540688566613,0.031026183289809606,0.03513959521115933,0.9285004815084624,0.0008166553910889489,Walking,Walking
268,0.0021795813140707563,0.0036087211211280838,0.06231353645728541,0.15275930016675984,0.7757613632157463,0.0033774977250094844,Walking,Standing
269,0.0029966907895601544,0.0061966493122517785,0.01674575556238472,0.8936494178705571,0.07569494138096156,0.004716545084285111,Standing,Standing
270,0.0024618422090012687,0.005364920919016934,0.004933734578182817,0.980497017459464,0.0047290003995878824,0.002013484434747332,Standing,Standing
271,0.002429112812521087,0.00691073756678895,0.017563309005470963,0.9526611125298803,0.016586679023666867,0.0038490490616718575,Standing,Standing
272,0.0024166308414460182,0.004555138693025211,0.007852227828170315,0.9513772871070526,0.03037912371576354,0.0034195918145421013,Standing,Standing
273,0.0028797883413863115,0.007920963271208961,0.010320775623723778,0.9388011418499232,0.03363568421463601,0.006441646699122319,Standing,Standing
274,0.002448027242737867,0.004886463019489497,0.0027132832867418893,0.9766277978255431,0.009802369125950436,0.0035220594995370997,Standing,Standing
275,0.00242932437835464,0.006144893303490404,0.017238358645045655,0.9115806151165327,0.059322876221228345,0.0032839323353481727,Standing,Standing
276,0.00228299976951459,0.005581457690401117,0.0061662861489786445,0.96683881494174,0.01587579661944123,0.003254644829924379,Standing,Standing
277,0.0022797864568086155,0.006575513133185964,0.006210880227566796,0.963908243588353,0.016635448386945924,0.0043901282071400925,Standing,Standing
278,0.0022186809834563886,0.0045618697739204335,0.0036600874533088204,0.9765771696498383,0.009946162242329703,0.0030360298971463806,Standing,Standing
279,0.0023445298482571274,0.007210544458032032,0.005052924698780511,0.9696939090619083,0.010107348321540054,0.00559074361148166,Standing,Standing
280,0.0023441364498594038,0.004633940862431698,0.008421360275659751,0.965921314802635,0.014725713099799791,0.003953534509614061,Standing,Standing
281,0.002600179161006942,0.007302010283288845,0.004058338876733167,0.9720429337264512,0.007764189841202126,0.006232348111317937,Standing,Standing
282,0.002249603757255659,0.005902578120308874,0.01889977910857349,0.9660074710892801,0.003694078485786358,0.003246489438795031,Standing,Standing
283,0.0021593634981215792,0.005309668057885565,0.00866208834353354,0.9512571907372936,0.02783166010076321,0.004780029262402663,Standing,Standing
284,0.002127121911808659,0.005487492629275777,0.0017561523541423248,0.9884316730144487,0.000672217480806582,0.0015253426095179989,Standing,Standing
285,0.0022316061507221627,0.005933616468565052,0.011615319300245074,0.9721275791045039,0.004744679974238738,0.003347199001725292,Standing,Standing
286,0.950898253644312,0.006936330735531246,0.007083161050787551,0.00899600008342575,0.0178381274863099,0.008248126999633438,Lying,Lying
287,0.9426349525794467,0.006665014882391495,0.008277993352584336,0.012026844533876011,0.022444480751086425,0.00795071390061486,Lying,Lying
288,0.9469491853632863,0.006614418303991636,0.0057127210294300144,0.020182429975081264,0.012877653940351227,0.0076635913878592985,Lying,Lying
289,0.9388531903359452,0.006193341804905966,0.009500665291025515,0.01576624846183118,0.022812913995823605,0.00687364011046842,Lying,Lying
290,0.9371473025229857,0.005854446720227439,0.007773321160560115,0.01598691556449585,0.026271943016539814,0.00696607101519108,Lying,Lying
291,0.94154878243575,0.00555338734311091,0.009629917671717192,0.012550623008161942,0.023973217890379775,0.006744071650879739,Lying,Lying
292,0.940817936558271,0.0058022083593468965,0.008068629540984237,0.0154541710380103,0.023322590596909852,0.006534463906478137,Lying,Lying
293,0.9337548654680556,0.006385955043953496,0.008960385799833725,0.017502382042341644,0.025988665250930847,0.007407746394884847,Lying,Lying
294,0.9446992115599507,0.005740026779656154,0.010653072965432994,0.010518646715138939,0.02136446914314063,0.007024572836680339,Lying,Lying
295,0.9446992115599507,0.005740026779656154,0.010653072965432994,0.010518646715138939,0.02136446914314063,0.007024572836680339,Lying,Lying
296,0.9446992115599507,0.005740026779656154,0.010653072965432994,0.010518646715138939,0.02136446914314063,0.007024572836680339,Lying,Lying
297,0.9578329211229138,0.005643870868846409,0.007490694706378405,0.007204094142608152,0.0158825639560035,0.005945855203249496,Lying,Lying
298,0.944736312440434,0.006839261689693104,0.005786363716317818,0.015801144871904267,0.01773228293582863,0.00910463434582253,Lying,Lying
299,0.9518246873433557,0.006629377168481063,0.007354694414725719,0.010379713296964866,0.015666644567567032,0.008144883208905702,Lying,Lying
300,0.9495391086631353,0.0070048685514862786,0.012588325228159856,0.009318823192568444,0.01447147754465764,0.007077396819992398,Lying,Lying
301,0.9467547662417757,0.00795445004469794,0.00567170654389922,0.019853039229524427,0.011835800887348633,0.007930237052754276,Lying,Lying
302,0.9440018356653693,0.006280936731087997,0.005963689951279394,0.01740431639549249,0.019752633633043852,0.00659658762372688,Lying,Lying
303,0.9493223852736973,0.006077274241151697,0.007649114732809969,0.011693008468899884,0.018767824667080678,0.006490392616360478,Lying,Lying
304,0.9408586739525778,0.006684305555829307,0.00901797404325831,0.012150334693622287,0.02242347197716737,0.00886523977754486,Lying,Lying
305,0.9496436445721003,0.00600748179725726,0.00783763674790189,0.011277625272373902,0.018721264082120798,0.006512347528245805,Lying,Lying
306,0.9489697573463776,0.0061366900803245346,0.008644805825188213,0.011458446268136344,0.018324518235341515,0.006465782244632095,Lying,Lying
307,0.9490194071089412,0.006235965287780828,0.007712722453053185,0.011989659241929273,0.01854502374341922,0.006497222164876152,Lying,Lying
308,0.9391577539486933,0.006487085833953885,0.006243791325529884,0.01983685963311042,0.02088186457013139,0.0073926446885810146,Lying,Lying
309,0.9463585545445431,0.00606611646295943,0.009945842467521344,0.00867965038982203,0.02028711423632888,0.008662721898825027,Lying,Lying
310,0.9608238936802228,0.0043914693044303016,0.006737100626801272,0.005988797738440029,0.015719989294077412,0.006338749356028118,Lying,Lying
311,0.9608238936802228,0.0043914693044303016,0.006737100626801272,0.005988797738440029,0.015719989294077412,0.006338749356028118,Lying,Lying
312,0.9608238936802228,0.0043914693044303016,0.006737100626801272,0.005988797738440029,0.015719989294077412,0.006338749356028118,Lying,Lying
313,0.002050238554030485,0.014025878775516787,0.005207011828081611,0.0031888652561231348,0.00044793139824621036,0.9750800741880019,Wheeling,Wheeling
314,0.00286686074349634,0.5976274479831973,0.003914907004219001,0.0056404819139438764,0.005545369645701242,0.38440493270944226,Wheeling,Wheeling
315,0.002158723325139572,0.01852856139860773,0.00460673665268465,0.011302710801746326,0.013738228825302025,0.9496650389965203,Wheeling,Wheeling
316,0.002068268732529225,0.1151944969884407,0.010469826643287569,0.006619388000172946,0.008220849076346445,0.857427170559223,Wheeling,Wheeling
317,0.002429027108309709,0.3660927145077782,0.0024531860768873745,0.003942999908733326,0.0018973180764733802,0.6231847543218181,Wheeling,Wheeling
318,0.002412554110285091,0.2736481563389895,0.0031986279575805378,0.005218051758747765,0.0037124316256826537,0.7118101782087146,Wheeling,Wheeling
319,0.002119262971671386,0.08752333329951754,0.005069004661811525,0.0033671859840314466,0.0021675576501191396,0.8997536554328491,Wheeling,Wheeling
320,0.0019715776768304463,0.0620441022483854,0.0095774173534654,0.005813588136481748,0.005154418898478693,0.9154388956863585,Wheeling,Wheeling
321,0.002126522908433466,0.07197039482935616,0.0028596382227554095,0.0016854911214035475,0.002473549242814146,0.9188844036752372,Wheeling,Wheeling
322,0.002192331520537369,0.22727095404770933,0.001928619364290739,0.004432981735775563,0.003498874037106447,0.7606762392945803,Wheeling,Wheeling
323,0.0021250886654563244,0.04330334406931255,0.0021031050269162245,0.002702874556244513,0.00304414496527561,0.9467214427167949,Wheeling,Wheeling
324,0.0022958277456500017,0.1761766095136935,0.005311633748171769,0.002652162307263963,0.0012309715081139983,0.8123327951771068,Wheeling,Wheeling
325,0.0027760923748254337,0.3922998051875012,0.0026093894316271586,0.0026108850508374994,0.001560816958881413,0.5981430109963272,Wheeling,Wheeling
326,0.0028218494164538583,0.3770970655210199,0.0013818535226618489,0.0024449901999318642,0.0010206172964067083,0.6152336240435261,Wheeling,Wheeling
327,0.0022935126076521085,0.10147797532739335,0.0026837486782949,0.0016053831637808022,0.001392775031963892,0.8905466051909148,Wheeling,Wheeling
328,0.0022570670771785767,0.016809425540097456,0.002810084151363396,0.0015703008677385136,0.0013511126683197411,0.9752020096953022,Wheeling,Wheeling
329,0.00235451490341844,0.17300850026065767,0.0026267389786081745,0.002875575798087417,0.0024783690407626426,0.8166563010184656,Wheeling,Wheeling
330,0.0026664746165745365,0.3683796963518728,0.002757830054736621,0.003288119168191043,0.002319219117003584,0.6205886606916216,Wheeling,Wheeling
331,0.0025991308054866017,0.32647633406840976,0.002223597095591022,0.0023717642150768298,0.0011277042938437952,0.6652014695215919,Wheeling,Wheeling
332,0.0020548974901150137,0.03424224078101553,0.006598524202702327,0.005035814699159131,0.002803299081278001,0.9492652237457303,Wheeling,Wheeling
333,0.002325757042159087,0.02726076568336235,0.001435685064067091,0.003556235380841451,0.003936614954236851,0.9614849418753331,Wheeling,Wheeling
334,0.002206832911119268,0.14049897829936653,0.002887650173444513,0.002976566812635017,0.0019992243953944762,0.8494307474080403,Wheeling,Wheeling
335,0.0022838871223725327,0.07814265539735425,0.0031414196911604647,0.003655339088265257,0.002844837888459738,0.9099318608123875,Wheeling,Wheeling
336,0.0022420536503982643,0.11862082403489038,0.0037191222538653108,0.002790504700047817,0.002576017767903932,0.8700514775928943,Wheeling,Wheeling
337,0.0021188154312069764,0.03219281067852237,0.004513025336591121,0.0017180864835524617,0.0022483945666599316,0.9572088675034672,Wheeling,Wheeling
338,0.002083135715176456,0.050281255694336766,0.002540020551148724,0.0020284199936589863,0.0018384873067911378,0.9412286807388879,Wheeling,Wheeling
339,0.002063001719850621,0.08840159199469995,0.0027988635631328584,0.002206043773834118,0.0015859029223597228,0.9029445960261229,Wheeling,Wheeling
340,0.002156395184277218,0.05830691197487314,0.0038099798181960597,0.0018800936945625234,0.0015782845765577912,0.9322683347515331,Wheeling,Wheeling
341,0.0019440778524813563,0.05270074728552385,0.0032939075695735953,0.0028416026820272154,0.00334713336205837,0.9358725312483357,Wheeling,Wheeling
342,0.0022307342459406384,0.17397742635922167,0.002081423137544652,0.0020808178190461647,0.0014943800190555896,0.8181352184191913,Wheeling,Wheeling
343,0.003420853199329261,0.5212225156309471,0.0017506134675060285,0.0037917415963139717,0.001979274535246763,0.4678350015706568,Wheeling,Sitting
344,0.0030641262094931337,0.45500579559945314,0.0012092550823611158,0.002939312384547407,0.0018950491573721591,0.5358864615667731,Wheeling,Sitting
345,0.002310138482277266,0.20901807089102978,0.000385448940831092,0.007139799629969015,0.0021283535431568844,0.7790181885127359,Wheeling,Sitting
346,0.0029405984588158013,0.35368084608256534,0.0018395727854431576,0.0035561481137387258,0.0008468356207256562,0.6371359989387113,Wheeling,Sitting
347,0.0024046640885901534,0.17834531979907622,0.0034197913482909986,0.00423540279268325,0.0014186257768425263,0.8101761961945171,Wheeling,Sitting
348,0.0023254803916236857,0.16654577014867533,0.0016163318349256878,0.006213872051397957,0.0024849992908203,0.8208135462825566,Wheeling,Sitting
349,0.0026760446577377985,0.2865549362496929,0.002039145167867198,0.003502308630327542,0.001702699722880146,0.7035248655714944,Wheeling,Sitting
350,0.0027575408255196103,0.2941934747423556,0.002065152414817969,0.004910721338379024,0.0024040516755209104,0.6936690590034073,Wheeling,Sitting
351,0.0030498989737908497,0.42342653701932004,0.0019291134854604655,0.006130512690012041,0.002537247047671715,0.5629266907837448,Wheeling,Sitting
352,0.004231262774939613,0.9215567572417394,0.0035016238559316855,0.004016455932407654,0.0048672792271539705,0.061826620967827726,Sitting,Sitting
353,0.004231262774939613,0.9215567572417394,0.0035016238559316855,0.004016455932407654,0.0048672792271539705,0.061826620967827726,Sitting,Sitting
354,0.0032797211772173855,0.00028655517406408153,0.00015173801988674454,0.00223403267795233,0.0003510602059045933,0.9936968927449749,Wheeling,Sitting
355,0.003289362560804651,0.5919599298969015,0.001077490952696345,0.0030882697197615145,0.001440666458115374,0.39914428041172056,Wheeling,Sitting
356,0.002452815077753647,0.19637194823522464,0.0012720175496521346,0.004286861720293426,0.001831458868501683,0.7937848985485745,Wheeling,Sitting
357,0.002839173814918134,0.3426487712977573,0.000957905134756646,0.0036747219691984777,0.002062513816579915,0.6478169139667898,Wheeling,Sitting
358,0.003491335700989603,0.6218357765725584,0.0014156897845239204,0.003554109704052103,0.0023107603258234067,0.3673923279120527,Wheeling,Sitting
359,0.0045879430489480805,0.9297073177090324,0.004977845499270202,0.0041863997321263495,0.005019718729058596,0.05152077528156465,Sitting,Sitting
360,0.0045879430489480805,0.9297073177090324,0.004977845499270202,0.0041863997321263495,0.005019718729058596,0.05152077528156465,Sitting,Sitting
361,0.0022726008028399187,0.0022994175669322652,0.12478618383363956,0.01959850459614106,0.8489262822329147,0.0021170109675328077,Walking,Walking
362,0.0025803315914559146,0.0019191368998860883,0.1275784511430896,0.012933299576714217,0.8533029450487244,0.0016858357401296773,Walking,Walking
363,0.0027257002325789315,0.004626328854453935,0.17161531596909008,0.05455729012182593,0.7629943817566581,0.003480983065393282,Walking,Walking
364,0.0021362312304339264,0.0017637166506057516,0.03553307757996366,0.011800521192719045,0.9466352005281333,0.002131252818144264,Walking,Walking
365,0.001965479769178258,0.0021094823952760035,0.04961246222264314,0.01597133800216535,0.9283601068211056,0.0019811307896313844,Walking,Walking
366,0.002224650733505095,0.0021740111592992682,0.06601462448792544,0.014868917088868183,0.9129629012608534,0.0017548952695486991,Walking,Walking
367,0.0030489453314345295,0.002632362036844837,0.09370048641496437,0.01686196297413796,0.881888356309942,0.0018678869326764476,Walking,Walking
368,0.0024299913789532428,0.002705161832412537,0.06255622804568159,0.05728045935149826,0.8732755624255402,0.0017525969659140965,Walking,Walking
369,0.002510316170626959,0.0019562715355252226,0.09819821760188288,0.012748327007840505,0.8829085643140353,0.0016783033700892601,Walking,Walking
370,0.0024241714185197372,0.002382439298749566,0.030289371991169333,0.015299748170999142,0.9475552458683989,0.0020490232521636893,Walking,Walking
371,0.0021764865744979575,0.0030241463181217005,0.08270233292123381,0.026730736884149467,0.8831893819836287,0.0021769153183682608,Walking,Walking
372,0.002082866182988192,0.002675406924009714,0.08034151424850423,0.008071842583015887,0.9037242681321289,0.0031041019293530678,Walking,Walking
373,0.002132528017407174,0.002664835759802973,0.032504087400177,0.0357439109137148,0.9249839122306793,0.0019707256782185954,Walking,Walking
374,0.0019203082196522674,0.004096121950459437,0.04829182537428513,0.04638737192041231,0.8954103749577476,0.003893997577443419,Walking,Walking
375,0.00241912069909815,0.0034773671848688154,0.10378148235022329,0.022205899325922925,0.8657398574327382,0.0023762730071486106,Walking,Walking
376,0.001987216250035285,0.0036118724624663026,0.06007696335315796,0.018533280246643656,0.9129644433621428,0.0028262243255535607,Walking,Walking
377,0.0020058231020405612,0.0033606058458115983,0.09098089247796129,0.04775156682595213,0.852999792836527,0.002901318911707454,Walking,Walking
378,0.0021476949432224107,0.0026376007114546378,0.04581162969796977,0.01488900952872506,0.9317909892379745,0.0027230758806537957,Walking,Walking
379,0.002383991666482301,0.001978993855215057,0.04854756032981384,0.031142949246819672,0.9143422479890213,0.0016042569126477541,Walking,Walking
380,0.002604611556383698,0.004596040615247139,0.311880859862733,0.02085644886035185,0.6564387505607521,0.003623288544532113,Walking,Walking
381,0.0030663129826419343,0.0029794222839556023,0.06881098669908162,0.030282777554415854,0.8928107702054572,0.0020497302744482454,Walking,Walking
382,0.002522204223133512,0.0034064174843169473,0.0964216224697116,0.06623002919327403,0.8295887207866082,0.0018310058429560007,Walking,Walking
383,0.002697575544196682,0.00279149334912783,0.06630633960481191,0.025771966419621383,0.9006051974852927,0.0018274275969493016,Walking,Walking
384,0.001888278087148429,0.002337040643216502,0.04223701962381192,0.008999094720356735,0.941763879961512,0.0027746869639544056,Walking,Walking
385,0.0017921750986275543,0.002903464924401275,0.07558392371737364,0.008950649328501531,0.9057611636284802,0.005008623302615965,Walking,Walking
386,0.0021616558354770393,0.0018853276606861512,0.016199776675137532,0.011544797043639692,0.9657699135283974,0.0024385292566625623,Walking,Walking
387,0.00150938486875308,0.0016325495520148922,0.021763572256380117,0.002236139669352297,0.9694013634508652,0.0034569902026343777,Walking,Walking
388,0.0023194709657075032,0.0014263188426337644,0.08984999876795823,0.002762407804213729,0.9017875920505182,0.0018542115689688652,Walking,Walking
389,0.001688445261029666,0.0018667889495540021,0.04199269171926679,0.002478860682553455,0.9492677630598141,0.002705450327781754,Walking,Walking
390,0.0020633301267591725,0.001997057359372852,0.04407245618037366,0.008266208174878662,0.9414499518858082,0.0021509962728077908,Walking,Walking
391,0.002138563148638929,0.003555181374730432,0.11201717548469027,0.022950190748784946,0.8548298426628911,0.0045090465802642915,Walking,Walking
392,0.0025963672489611148,0.0023279839275837893,0.09620241998793064,0.010680112816979871,0.8862889872154055,0.001904128803139151,Walking,Walking
393,0.0033755624322347752,0.002649155281285568,0.3593944315300042,0.013552194190513867,0.6176959085171163,0.0033327480488450525,Walking,Walking
394,0.0022111188732473826,0.0022935992375657252,0.17961521275906733,0.008512492976497218,0.8052299663375336,0.002137609816088952,Walking,Walking
395,0.0022732925898419475,0.00212303250954198,0.11322719713174736,0.007781204726823223,0.8727764551461649,0.0018188178958807436,Walking,Walking
396,0.002389269119746601,0.4684352617706068,0.004202510474258518,0.008434630162614852,0.0053953742067502685,0.5111429542660226,Wheeling,Wheeling
397,0.0021243032536651415,0.25128795152683914,0.004219255366654709,0.005894303965711434,0.006065892647124077,0.7304082932400057,Wheeling,Wheeling
398,0.0019540761000727625,0.007689303419012794,0.011173760326483172,0.0036126169593611273,0.006069773294212143,0.969500469900858,Wheeling,Wheeling
399,0.0020213859517650974,0.06284581253452745,0.003083700285174729,0.003137866039694,0.002812738047530253,0.9260984971413088,Wheeling,Wheeling
400,0.0020333330263928237,0.0323832068931331,0.0040920187701885885,0.003006651132483175,0.0021835233623733593,0.9563012668154292,Wheeling,Wheeling
401,0.001972366914140372,0.05716455814853686,0.004432217969654431,0.004965760283178596,0.003343755955129028,0.9281213407293606,Wheeling,Wheeling
402,0.0020109947370048186,0.06048076530518116,0.00235297305677131,0.003147628840015731,0.0024293742821634534,0.9295782637788638,Wheeling,Wheeling
403,0.0020569129284858413,0.019217280033084087,0.002533492041304706,0.0029716935645948952,0.00242851029222438,0.9707921111403063,Wheeling,Wheeling
404,0.0021125950450967598,0.007760623126159041,0.002008521551362939,0.002484057566210373,0.0018533342992020905,0.9837808684119688,Wheeling,Wheeling
405,0.0021019786519819207,0.024629747618922896,0.002444532179596952,0.0024052788081248464,0.001568178422444566,0.9668502843189287,Wheeling,Wheeling
406,0.0019832518334228113,0.028047946486132964,0.003466344513055646,0.0020417433502347183,0.0011759134307580395,0.9632848003863955,Wheeling,Wheeling
407,0.002225035565601253,0.04943839225597863,0.002486749998360396,0.0035317577370565785,0.0024497367593760773,0.9398683276836268,Wheeling,Wheeling
408,0.0021021433823907834,0.05714051520135402,0.003342456058593558,0.0037190031904504586,0.0024748520819075337,0.9312210300853037,Wheeling,Wheeling
409,0.0021170701116538793,0.025435499499239456,0.002904341308036738,0.002825834867253486,0.0026357204858116962,0.9640815337280046,Wheeling,Wheeling
410,0.0020449828643675618,0.011037816280197687,0.002718172033916938,0.002655788089072374,0.0018027326786670443,0.9797405080537783,Wheeling,Wheeling
411,0.0020741908263778447,0.028337238691984994,0.002801047262984784,0.003757873686913463,0.003354342530776857,0.959675307000962,Wheeling,Wheeling
412,0.002842685810955859,0.5389084025794609,0.0020513035638861734,0.0033050877981475697,0.0014110348688099767,0.45148148537873906,Wheeling,Wheeling
413,0.0020142376423594615,0.012972269970345857,0.0032006605194835097,0.0034174956778092085,0.00339940018425223,0.9749959360057501,Wheeling,Wheeling
414,0.00220380323002728,0.018939902508894196,0.002545618606299837,0.0036286180703207094,0.0034748408590616043,0.9692072167253968,Wheeling,Wheeling
415,0.002243183904404421,0.041837187956968114,0.0016623267333578013,0.0031927154032272316,0.0022908647779856036,0.9487737212240569,Wheeling,Wheeling
416,0.0020561516625246033,0.011113009518135425,0.002417136614420492,0.004484652626559524,0.003735078465985163,0.9761939711123748,Wheeling,Wheeling
417,0.002319461057948922,0.11887159385958149,0.002334991509872979,0.00726925699269387,0.004524816373696468,0.8646798802062065,Wheeling,Wheeling
418,0.0020534848358832883,0.061437667383191785,0.002037978657333502,0.004255107065310625,0.0033402851640697917,0.9268754768942109,Wheeling,Wheeling
419,0.00231734555028701,0.21090311411226134,0.002526894836281564,0.004139433762251232,0.0027842992915134888,0.7773289124474054,Wheeling,Wheeling
420,0.002784362309005518,0.5183560023720135,0.002369856524934485,0.0031129147341143167,0.0025641632286952805,0.47081270083123705,Wheeling,Wheeling
421,0.0024439550335650026,0.5642524669583806,0.0038493638612645703,0.006607214717508264,0.003391399058662072,0.4194556003706192,Wheeling,Wheeling
422,0.0018668181407922946,0.14926084710228119,0.03396789783655293,0.01896088671302131,0.015140556774001132,0.780802993433351,Wheeling,Wheeling
423,0.004015266309970818,0.007691602982805264,0.012130172721624725,0.95621310073143,0.006518634301816478,0.013431222952352904,Standing,Standing
424,0.003217783345764287,0.008754974518291768,0.031968133441291284,0.9179728027248101,0.031636220554816706,0.0064500854150261735,Standing,Standing
425,0.003157822796706688,0.006787157614809173,0.011599556433364485,0.9557999318195906,0.016770460092896285,0.005885071242633029,Standing,Standing
426,0.0025926168879959275,0.005973984114116253,0.008556367722811131,0.9678894546677893,0.01077163331408038,0.0042159432932070435,Standing,Standing
427,0.0024062861796043844,0.00641978808548418,0.003652462849384461,0.979926103440756,0.0029772565097066417,0.004618102935064215,Standing,Standing
428,0.002635485009283776,0.0063932416814905845,0.006522154256389433,0.9711212763689827,0.008492999438975633,0.004834843244877757,Standing,Standing
429,0.002741292700226755,0.006892529873812522,0.0051767386764386,0.9759716737812253,0.0036286477283074803,0.0055891172399891555,Standing,Standing
430,0.0028764586361809865,0.007539355231522111,0.0017480699396179556,0.9847706546284343,0.0011295476284328664,0.0019359139358117719,Standing,Standing
431,0.002434232825833547,0.005562058321141203,0.006572312546370527,0.9624702584519058,0.019341742279107454,0.003619395575641641,Standing,Standing
432,0.002702338520670314,0.005845926475081299,0.006162651126120681,0.9658560855003783,0.014234300541682848,0.0051986978360667405,Standing,Standing
433,0.002941071912403735,0.005813618732009717,0.02579350603420521,0.9392729708762263,0.021784992135780355,0.00439384030937439,Standing,Standing
434,0.0028088513655528946,0.005923020123383091,0.011754877655402342,0.9699353156487825,0.007106694485329681,0.0024712407215496425,Standing,Standing
435,0.0024093609844143453,0.005946326640441189,0.0037371390549544112,0.9810734138997554,0.0034175255593573055,0.003416233861077648,Standing,Standing
436,0.0027190381438028815,0.006080435747749945,0.020725377981702365,0.9574176622527453,0.009988047244330577,0.0030694386296689813,Standing,Standing
437,0.002666198277383901,0.0060147067463636105,0.008906002694405477,0.9706588415988159,0.0077806862005071155,0.003973564482524138,Standing,Standing
438,0.002779772904839179,0.005861273209147053,0.0061311707157666,0.9783174920587464,0.003948746047387475,0.0029615450641133903,Standing,Standing
439,0.0029477376338152114,0.005794872031417132,0.0053668577956530305,0.9756618604576148,0.004207878146378581,0.006020793935121551,Standing,Standing
440,0.0024854884889958673,0.006744480322255877,0.0035537257195575583,0.9817726194587859,0.002430709477581223,0.0030129765328234946,Standing,Standing
441,0.0024296492531082335,0.006132914894206289,0.006912127142473737,0.9713043122992084,0.010464540397273644,0.002756456013729804,Standing,Standing
442,0.0023765071478226447,0.005939969627102707,0.004253183411366099,0.980113424903364,0.002873723463828087,0.004443191446516449,Standing,Standing
443,0.0025700515424152337,0.6134851325587335,0.0058175657397276075,0.013037231276009587,0.007347601573691038,0.3577424173094232,Wheeling,Sitting
444,0.003049554895391165,0.8319851626771654,0.008723466681552248,0.013566098863549302,0.007590668656275926,0.13508504822606626,Sitting,Sitting
445,0.002191028709467998,0.4309688870178419,0.01610534800241708,0.012093384927345881,0.0060255686162447065,0.5326157827266823,Wheeling,Sitting
446,0.0018547785557323413,0.16775279669081866,0.003282843499677614,0.01474987347732304,0.008066627992925107,0.8042930797835232,Wheeling,Sitting
447,0.0020223697848342033,0.3391201204663725,0.003293746116679447,0.011318305415228002,0.005947321899012304,0.6382981363178735,Wheeling,Sitting
448,0.0028262077174669993,0.714258121132194,0.010638880951913274,0.01264043633936241,0.0059858829562945155,0.25365047090276893,Sitting,Sitting
449,0.0021775287377496927,0.3574971672995073,0.008154432110959826,0.010614101514566255,0.007965106677190404,0.6135916636600265,Wheeling,Sitting
450,0.0023760521205197453,0.4880010951384243,0.003003196003553953,0.010509206150461883,0.005874040069599889,0.4902364105174402,Wheeling,Sitting
451,0.0021577832608098164,0.345710941386996,0.004154860229257324,0.00971177139796294,0.008137821286390762,0.630126822438583,Wheeling,Sitting
452,0.0023902780555814587,0.584404304914727,0.00467989380546039,0.013896033098856855,0.004757445118245583,0.38987204500712896,Wheeling,Sitting
453,0.002179362696370712,0.4456332507602943,0.0034114387560574464,0.013781272197695926,0.004573190158463502,0.530421485431118,Wheeling,Sitting
454,0.0023358731009341287,0.5147992175954562,0.004070151621515589,0.015137819982407933,0.00620162118708257,0.4574553165126037,Wheeling,Sitting
455,0.002880117163414622,0.7131733790594181,0.005004683348782831,0.012081490920925262,0.008541484075265494,0.2583188454321938,Wheeling,Sitting
456,0.003082821851290891,0.7884418166745978,0.0041006220826910736,0.012302163103710203,0.00808356758049454,0.18398900870721563,Sitting,Sitting
457,0.003292591327531001,0.8829448073485173,0.006479786167932826,0.012796367158394417,0.012119238282964715,0.08236720971465977,Sitting,Sitting
458,0.9603894412936527,0.004921022785252854,0.00597913433142194,0.020522335370562226,0.0044464018015600995,0.003741664417550699,Lying,Lying
459,0.9552053090005725,0.00426468002516196,0.006018032585050432,0.017807427901829792,0.012538428930984157,0.004166121556401285,Lying,Lying
460,0.9475771197602436,0.004399355651637066,0.00648653338488197,0.01833339334456041,0.01863057245148568,0.0045730254071909135,Lying,Lying
461,0.950946713554725,0.004399181564375939,0.007013720907148088,0.013821699641115083,0.01913007637016008,0.004688607962475974,Lying,Lying
462,0.9583140231855518,0.0040353875746222245,0.0060835633092301685,0.012023180016504464,0.01541198696094814,0.004131858953143264,Lying,Lying
463,0.9599157046003217,0.004310543769070791,0.005026965715888622,0.017644081442426112,0.008893063700809545,0.004209640771483767,Lying,Lying
464,0.9554450569514151,0.004233886833952635,0.007629624057545831,0.008919776919636328,0.018611852538101773,0.0051598026993481495,Lying,Lying
465,0.9554450569514151,0.004233886833952635,0.007629624057545831,0.008919776919636328,0.018611852538101773,0.0051598026993481495,Lying,Lying
466,0.9554450569514151,0.004233886833952635,0.007629624057545831,0.008919776919636328,0.018611852538101773,0.0051598026993481495,Lying,Lying
467,0.9554450569514151,0.004233886833952635,0.007629624057545831,0.008919776919636328,0.018611852538101773,0.0051598026993481495,Lying,Lying
468,0.9554450569514151,0.004233886833952635,0.007629624057545831,0.008919776919636328,0.018611852538101773,0.0051598026993481495,Lying,Lying
469,0.9554450569514151,0.004233886833952635,0.007629624057545831,0.008919776919636328,0.018611852538101773,0.0051598026993481495,Lying,Lying
470,0.9554450569514151,0.004233886833952635,0.007629624057545831,0.008919776919636328,0.018611852538101773,0.0051598026993481495,Lying,Lying
471,0.9554450569514151,0.004233886833952635,0.007629624057545831,0.008919776919636328,0.018611852538101773,0.0051598026993481495,Lying,Lying
472,0.9554450569514151,0.004233886833952635,0.007629624057545831,0.008919776919636328,0.018611852538101773,0.0051598026993481495,Lying,Lying
473,0.9554450569514151,0.004233886833952635,0.007629624057545831,0.008919776919636328,0.018611852538101773,0.0051598026993481495,Lying,Lying
474,0.0014164817659460234,0.002864749113743503,0.03454495932978255,0.0328624932405723,0.9259988259329475,0.002312490617008652,Walking,Walking
475,0.0019141392742590883,0.007947463907264224,0.07261623641689499,0.17585121317596594,0.7350538303583168,0.0066171168672986705,Walking,Walking
476,0.0019316885100525427,0.005287502143765592,0.11671181594730752,0.04948681987332224,0.8221966065151044,0.004385567010447218,Walking,Walking
477,0.0015105795324695604,0.0025661093636402763,0.053661103032717004,0.014119966307778753,0.9256909058281101,0.002451335935283674,Walking,Walking
478,0.0017729643835116774,0.004665470889731515,0.09130667526220873,0.013063612263589083,0.8823858832241982,0.006805393976760964,Walking,Walking
479,0.0016668420544648328,0.0026977296378312295,0.03228870206757175,0.011265983603174247,0.9487056158430779,0.0033751267938798486,Walking,Walking
480,0.0017481094182000782,0.002202634389698164,0.06258978366220554,0.009160280694241322,0.9213657078318817,0.0029334840037732912,Walking,Walking
481,0.002201603407415684,0.0032203032761759353,0.09332887431194432,0.008745946443237748,0.8881453123590733,0.004357960202152816,Walking,Walking
482,0.0018055272233946306,0.002855109853106245,0.05338080609022787,0.004390619526836679,0.9333192048644608,0.004248732441973811,Walking,Walking
483,0.0016189063097714084,0.002590689938563577,0.06392255175879862,0.002833957221544104,0.9259817901111537,0.0030521046601680374,Walking,Walking
484,0.0015878539246053018,0.0021322034893249994,0.04403222146085796,0.003454584166667001,0.9449355898863071,0.003857547072237705,Walking,Walking
485,0.0018426048717908098,0.0022267617706102608,0.12399968468053972,0.002561388605829733,0.8653000571319899,0.004069502939239468,Walking,Walking
486,0.001889130447396894,0.001958803179832618,0.05063641903840256,0.007838987922428079,0.9351184183887047,0.002558241023235198,Walking,Walking
487,0.00225592272821093,0.0019136447009706447,0.15850340384951073,0.0014136247493381604,0.832158957424887,0.003754446547082312,Walking,Walking
488,0.002260334087313302,0.0022608909152201317,0.14928964052935295,0.0025923113279734786,0.8405849373478979,0.003011885792242234,Walking,Walking
489,0.0018784019964122255,0.0019259134954319563,0.12062196090713502,0.0013110140203900506,0.8709773454311228,0.0032853641495080403,Walking,Walking
490,0.002016614843459483,0.0034781171749978684,0.19697748544993857,0.004599464363034318,0.7878529137301342,0.005075404438435298,Walking,Walking
491,0.0014545601910490157,0.0018986559083672687,0.030139377055717412,0.0060135264108415725,0.9548700032326903,0.00562387720133444,Walking,Walking
492,0.0020844961716141625,0.002890136725777097,0.17831234145773953,0.0019906396543737273,0.8098551079687532,0.004867278021742181,Walking,Walking
493,0.0018345642774789945,0.0031625064686686137,0.07811021051596947,0.0040807637868443755,0.908014322751265,0.004797632199773197,Walking,Walking
494,0.0016194886077588214,0.002288055570847847,0.056450482531747594,0.0024041063331008057,0.9324906286450967,0.00474723831144817,Walking,Walking
495,0.0019051022872009296,0.002358515716369899,0.17666129925088414,0.003500747837249896,0.8113913610786253,0.004182973829669431,Walking,Walking
496,0.002694816715099537,0.001806969872373515,0.1981170149214344,0.003660198867409462,0.7912720223975678,0.002448977226115525,Walking,Walking
497,0.0019162644047656166,0.0033166206089381817,0.11683081594144479,0.006541600768843603,0.8668136083612937,0.004581089914713841,Walking,Walking
498,0.0021224106328342485,0.0028485895583028604,0.10882691968303106,0.008010628361888974,0.8736604553052457,0.004530996458697116,Walking,Walking
499,0.002348624010204645,0.004514315857758542,0.2145206305620367,0.020731412940651284,0.7528411176493686,0.005043898979980341,Walking,Walking
500,0.0016100975643617262,0.00296161510414497,0.043043799758674686,0.007523941804962465,0.939596179512906,0.005264366254950541,Walking,Walking
501,0.0014447065500888376,0.0033191239889284216,0.030186364707822134,0.011806030318263199,0.9478915088008578,0.0053522656340397375,Walking,Walking
502,0.0016621069379716374,0.0036665718488792087,0.046069873521235365,0.01402874906468867,0.9307069691858909,0.0038657294413338887,Walking,Walking
503,0.0018644866507572767,0.002998638617050093,0.08425937134465311,0.014015046720420407,0.8937685208489322,0.003093935818186614,Walking,Walking
504,0.0014373764886950965,0.0019221463905073181,0.034581195994198156,0.0019736256082495984,0.9565100912462065,0.0035755642721436802,Walking,Walking
505,0.002146320439899422,0.006398744474845363,0.1143859393462667,0.05520075463217713,0.8168410396828771,0.0050272014239340045,Walking,Walking
506,0.009523092756803747,0.009047337505387706,0.17488171159867238,0.6368897004382522,0.15733348187629392,0.012324675824589916,Standing,Walking
507,0.002664093939078488,0.004247692707165282,0.0810201577843283,0.07606548354198554,0.8311541053429475,0.004848466684495304,Walking,StairClimbing
508,0.0013532295911660526,0.0032872885010068365,0.01041635520084265,0.011574694919574116,0.9705663676731462,0.0028020641142641922,Walking,StairClimbing
509,0.0021761023343961306,0.00191576830998057,0.062196887738876674,0.007158423735223862,0.9235280796993685,0.0030247381821541693,Walking,StairClimbing
510,0.0066941990481424385,0.006016090409796722,0.4877407668491039,0.014663851838335643,0.47758223432348357,0.00730285753113768,StairClimbing,StairClimbing
511,0.005194685931504713,0.004806938786683199,0.46951515874736954,0.006447179988461947,0.5058545759341889,0.008181460611791936,StairClimbing,StairClimbing
512,0.00518625312374347,0.004300828498885192,0.2960224864029041,0.024898337280634796,0.6656266565415264,0.003965438152306146,Walking,StairClimbing
513,0.00808686744307648,0.006381880115730503,0.6410018684084889,0.02597465058160559,0.31149602088351963,0.007058712567578888,StairClimbing,StairClimbing
514,0.008795051311695714,0.005693463670334477,0.5688226856278288,0.036445435020550095,0.3735314515896797,0.006711912779911572,StairClimbing,StairClimbing
515,0.007810337176403605,0.011526240185997159,0.5172488392716591,0.06512641618821816,0.3811220352116477,0.017166131966074277,StairClimbing,StairClimbing
516,0.0012894775616428978,0.0023465128445755907,0.00610967263012074,0.001065255240521689,0.9860075140666125,0.00318156765652658,Walking,StairClimbing
517,0.00193003000664571,0.0017069503057581912,0.002462189030677033,0.006371332273008373,0.9864698104729918,0.001059687910919236,Walking,StairClimbing
518,0.0013467291382094362,0.002343976634883121,0.008137974334399991,0.006700714028867208,0.9797271770909125,0.0017434287727273524,Walking,StairClimbing
519,0.002675503026669911,0.0019989435270389823,0.11641527440589965,0.001699544952162839,0.875362052420328,0.0018486816679005988,Walking,StairClimbing
520,0.0076707911656414066,0.012683463233147998,0.8731234011206784,0.008064699409738653,0.08572935185371529,0.01272829321707803,StairClimbing,StairClimbing
521,0.00513127747777323,0.013100550053165043,0.419398184630968,0.011121586416927643,0.5370981252531909,0.014150276167975403,StairClimbing,StairClimbing
522,0.004406002455175587,0.012654836330690885,0.5090647231584382,0.009834427683179452,0.44795160605490103,0.016088404317614765,StairClimbing,StairClimbing
523,0.005714142513322805,0.023744755447886186,0.48260206494949637,0.009266674637969185,0.43277515039357617,0.045897212057749104,StairClimbing,StairClimbing
524,0.004698920875489624,0.03045059806681569,0.4630811069157626,0.009924691911572997,0.4469379021070105,0.04490678012334871,StairClimbing,StairClimbing
525,0.004394622723181107,0.011613401739443552,0.6320018145703498,0.0022764991200249717,0.33000588321378094,0.019707778633219385,StairClimbing,StairClimbing
526,0.006853676665539327,0.008635542609808157,0.9622404732704682,0.005989467833934478,0.003926351327998263,0.012354488292251452,StairClimbing,StairClimbing
527,0.0038815452562678985,0.009557220541175377,0.6522915342152562,0.002045753539574718,0.31331498410756264,0.018908962340163007,StairClimbing,StairClimbing
528,0.006868247250270641,0.0043383013223859,0.9357872631906543,0.0012840583760553195,0.046017422753489926,0.005704707107143871,StairClimbing,StairClimbing
529,0.002333792967629849,0.0032530389125778195,0.05835180743923023,0.01980212750886688,0.9134783776983121,0.0027808554733832385,Walking,StairClimbing
530,0.0024066875154364242,0.00612873125634344,0.009720473720813978,0.9565038332905641,0.0206399504648736,0.004600323751968269,Standing,Standing
531,0.002678199251299333,0.004350299948931981,0.0039605411065658565,0.9765092125809929,0.00384140962003051,0.00866033749217945,Standing,Standing
532,0.0034301132083462164,0.0028171010203711655,0.013367571073594979,0.7905759806130646,0.18836266611665117,0.0014465679679718142,Standing,Standing
533,0.0024760857512625425,0.003653459080879253,0.006030792250618183,0.9782914821142856,0.007304729779849592,0.00224345102310501,Standing,Standing
534,0.002583639934903597,0.004886506871733024,0.05022500969883258,0.5636477323663364,0.3741908388165492,0.004466272311645178,Standing,Standing
535,0.0028027088032258297,0.005151767687379778,0.09102168484603981,0.5248298868995587,0.371748009241323,0.0044459425224731815,Standing,Standing
536,0.0020620622464728212,0.0056016878523954365,0.0030479275074097208,0.9830858505770524,0.0018020474085056303,0.004400424408164118,Standing,Standing
537,0.002218789061953069,0.006400422124009864,0.0023131698778341477,0.9842119372321286,0.0007269715058472082,0.004128710198227345,Standing,Standing
538,0.00248506346486604,0.005647423226977913,0.009995586882219631,0.9455542468288626,0.03369025566677395,0.002627423930299617,Standing,Standing
539,0.0026438942219470297,0.005243381112325814,0.012508869775332412,0.8933148954341003,0.08252893797633397,0.00376002147996091,Standing,Standing
540,0.0024562894541214466,0.005538975626390173,0.007406695034399941,0.9574541908721017,0.023987329736904532,0.0031565192760822573,Standing,Standing
541,0.0028200689374380953,0.005273246996939403,0.002746179653585562,0.9640817101571766,0.02252333839724379,0.0025554558576163042,Standing,Standing
542,0.002706308923944638,0.005183816446376297,0.03393358821138611,0.20557410439175197,0.7500346810061549,0.002567501020385763,Walking,Standing
543,0.002706308923944638,0.005183816446376297,0.03393358821138611,0.20557410439175197,0.7500346810061549,0.002567501020385763,Walking,Standing
544,0.002706308923944638,0.005183816446376297,0.03393358821138611,0.20557410439175197,0.7500346810061549,0.002567501020385763,Walking,Standing
545,0.0018711428452404845,0.0022330715504834445,0.07942726720828945,0.006707009434264885,0.9049495392677795,0.004811969693942587,Walking,StairClimbing
546,0.004163502850144343,0.0022606298207165053,0.39023852323959957,0.0007540678890113337,0.5986158980862255,0.0039673781143026166,Walking,StairClimbing
547,0.006568401255895023,0.003669677320335681,0.6763627313979473,0.0017510646747511036,0.306827282743921,0.004820842607149943,StairClimbing,StairClimbing
548,0.005574202347014481,0.006199896443690938,0.6028416743179513,0.010871041473442856,0.36575148569630545,0.008761699721595005,StairClimbing,StairClimbing
549,0.004884133166853041,0.004787047818981687,0.5166999181364428,0.006066222030314603,0.4614206360559241,0.0061420427914837,StairClimbing,StairClimbing
550,0.0024672909095587014,0.010730436246527475,0.2084733562733604,0.01031496776719698,0.7522185054110997,0.015795443392256997,Walking,StairClimbing
551,0.005040726213284765,0.003997878249270402,0.5217261109784739,0.00217491410045349,0.4623070454120548,0.004753325046462965,StairClimbing,StairClimbing
552,0.0022599629722177147,0.001661230740134698,0.08475228718403427,0.006647848931865285,0.9015265689079004,0.003152101263847593,Walking,StairClimbing
553,0.002871638613174449,0.0021474611682859635,0.15692024737640484,0.02202131503640595,0.8124468544817198,0.003592483324009256,Walking,StairClimbing
554,0.005099040423105967,0.006666694235933885,0.42299028505516134,0.0018587905470824092,0.5558275064874498,0.007557683251266601,Walking,StairClimbing
555,0.0034364659704571076,0.00617846369614081,0.9102557150132241,0.003252315406914719,0.05918358851400991,0.017693451399252928,StairClimbing,StairClimbing
556,0.0047026648619594115,0.015454444575498553,0.47653565586724245,0.02723572613837215,0.42866717566218493,0.04740433289474255,StairClimbing,StairClimbing
557,0.005308505980193588,0.013108304767193725,0.7459031837684658,0.00626326097741781,0.19638748692614824,0.033029257580580694,StairClimbing,StairClimbing
558,0.004867168046220587,0.012787139736628636,0.9197133170870331,0.012782305904676853,0.016125082203921726,0.03372498702151936,StairClimbing,StairClimbing
559,0.006416065014461111,0.025389560965426047,0.7700237754489361,0.015522647562940535,0.13343374191842453,0.04921420908981168,StairClimbing,StairClimbing
560,0.005002739269141242,0.0066453669162264495,0.6994232612279749,0.00398798301288081,0.2710506844968518,0.013889965076924653,StairClimbing,StairClimbing
561,0.0030939416657248774,0.005701665209535361,0.10446905026538038,0.4523810100379962,0.42902463631315235,0.00532969650821072,Standing,StairClimbing
